epoch,accuracy,loss,val_accuracy,val_loss
0,0.35510554909706116,1.7188588380813599,0.3820333480834961,1.660367488861084
1,0.3995055556297302,1.614210605621338,0.39410001039505005,1.6281352043151855
2,0.41750556230545044,1.5713696479797363,0.3947499990463257,1.6289293766021729
3,0.43067222833633423,1.5379505157470703,0.39131665229797363,1.6324734687805176
4,0.4425722360610962,1.5090938806533813,0.39346668124198914,1.6348234415054321
5,0.4535277783870697,1.4829952716827393,0.39010000228881836,1.6475087404251099
6,0.4620944559574127,1.4600582122802734,0.38973334431648254,1.6536530256271362
